"('graphic', 'design')",37
"('cover', 'letter')",25
"(""i'm"", 'looking')",20
"('critique', 'resume')",13
"('please', 'critique')",12
"('graphic', 'designer')",12
"('need', 'help')",11
"('would', 'love')",9
"('would', 'like')",9
"('resume', '-')",8
"('feel', 'like')",8
"('looking', 'work')",8
"(""i'm"", 'applying')",8
"('resume', 'critique')",8
"('looking', 'feedback')",8
"(""i've"", 'done')",7
"('design', 'resume')",7
"(""i'm"", 'trying')",7
"('thanks', 'advance!')",7
"(""i'm"", 'sure')",7
"('let', 'know')",7
"('trying', 'find')",7
"('trying', 'get')",7
"('get', 'back')",7
"('looking', 'get')",7
"('new', 'resume')",7
"(""i'm"", 'currently')",7
"('video', 'editor')",7
"('greatly', 'appreciated.')",6
"('updated', 'resume')",6
"('please', 'help')",6
"('entry', 'level')",6
"('advice', 'would')",6
"('would', 'much')",6
"(""i've"", 'applying')",6
"('get', 'job')",6
"('much', 'appreciated!')",6
"('would', 'greatly')",6
"('video', 'production')",6
"(""i've"", 'working')",6
"('resume', 'help')",6
"('social', 'media')",6
"('work', 'experience')",6
"(""i've"", 'worked')",5
"('help', 'resume')",5
"('looking', 'critique')",5
"('graphic', 'design,')",5
"('really', 'appreciate')",5
"('designer', 'looking')",5
"('feedback', 'would')",5
