"('please', 'critique', 'resume')",6
"('graphic', 'design', 'resume')",5
"('feedback', 'would', 'greatly')",4
"('resume', 'cover', 'letter')",4
"('cover', 'letter', 'resume')",4
"('please', 'let', 'know')",4
"('would', 'love', 'feedback')",3
"('need', 'help', 'resume')",3
"('advice', 'would', 'much')",3
"(""i'm"", 'trying', 'find')",3
"('trying', 'get', 'back')",3
"('would', 'greatly', 'appreciated!')",3
"(""i'm"", 'looking', 'get')",3
"('video', 'editor', 'looking')",3
"('got', 'let', 'go')",3
"('looking', 'get', 'job')",3
"('looking', 'entry', 'level')",3
"('applying', 'animation', 'studios')",2
"('animation', 'studios', 'outside')",2
"('studios', 'outside', 'country')",2
"('resume.', ""i've"", 'done')",2
"(""i've"", 'done', 'lot')",2
"('advice', 'greatly', 'appreciated.')",2
"('feedback:', 'graphic', 'design')",2
"('design', 'resume', '--')",2
"('resume', '--', '22y/o,')",2
"('--', '22y/o,', 'ad/brand-agency')",2
"('kindly', 'ask', 'tear')",2
"('would', 'much', 'appreciated.')",2
"('however,', ""i'm"", 'trying')",2
"('trying', 'get', 'job')",2
"('critique', 'graphic', 'design')",2
"('job', 'application', 'code')",2
"('without', 'looking', 'like')",2
"('art', 'graphic', 'design')",2
"('cv', 'would', 'look')",2
"('graduate', 'looking', 'feedback')",2
"('iâ€™d', 'really', 'appreciate')",2
"('took', '6', 'years')",2
"('graphic', 'design', 'jobs')",2
"('&#x200b;', '*', '**college')",2
"('hi', 'everyone!', ""i'm"")",2
"('everyone!', ""i'm"", 'looking')",2
"('graphics', 'local', 'commercials')",2
"('adobe', 'creative', 'suite')",2
"('would', 'much', 'appreciated!')",2
"('resume', 'send', 'out?')",2
"('realized', 'resume', 'probably')",2
"('resume', 'probably', 'terrible')",2
"('past', '5', 'years.')",2
