"('entry', 'level')",95
"('please', 'critique')",94
"('critique', 'resume')",71
"(""i'm"", 'looking')",69
"('business', 'analyst')",56
"('resume', 'critique')",53
"('looking', 'get')",51
"('would', 'like')",45
"('would', 'love')",45
"('need', 'help')",45
"('let', 'know')",44
"('trying', 'get')",41
"(""i'm"", 'sure')",41
"('please', 'help')",40
"('financial', 'analyst')",37
"('really', 'appreciate')",37
"('work', 'experience')",34
"('would', 'appreciate')",32
"('looking', 'move')",31
"('cover', 'letter')",31
"(""i'd"", 'like')",29
"('resume', 'help')",29
"('thank', 'you!')",28
"('looking', 'resume')",28
"('would', 'greatly')",28
"('please', 'let')",28
"(""i'm"", 'trying')",27
"(""i've"", 'applying')",27
"(""i'm"", 'applying')",26
"('looking', 'new')",26
"('feel', 'like')",26
"('supply', 'chain')",26
"('thanks', 'advance!')",26
"('resume', 'advice')",24
"('need', 'resume')",24
"('student', 'looking')",23
"('new', 'job')",23
"('would', 'really')",23
"('help', 'would')",23
"('graduate', 'looking')",22
"(""i'm"", 'currently')",22
"('feedback', 'resume')",22
"('get', 'job')",22
"('greatly', 'appreciated.')",22
"('resume', '-')",22
"('project', 'management')",22
"('looking', 'feedback')",22
"('looking', 'job')",21
"('critique', 'resume!')",20
"('-', 'looking')",19
