"('please', 'critique', 'resume')",39
"('please', 'let', 'know')",22
"('would', 'really', 'appreciate')",16
"('looking', 'entry', 'level')",14
"('resume', 'critique', '-')",11
"('would', 'greatly', 'appreciated.')",11
"('please', 'critique', 'resume!')",11
"('please', 'critique', 'resume.')",10
"('would', 'love', 'feedback')",10
"('entry', 'level', 'job')",8
"('applying', 'entry', 'level')",8
"('could', 'use', 'help')",8
"('looking', 'business', 'analyst')",8
"('entry', 'level', 'position')",7
"('would', 'like', 'move')",7
"('want', 'make', 'sure')",7
"('looking', 'resume', 'advice')",7
"('resume', 'review', '-')",7
"('critique', 'resume', '-')",7
"('help', 'would', 'greatly')",7
"('entry', 'level', 'accounting')",7
"('recent', 'finance', 'grad')",6
"('find', 'new', 'job')",6
"('entry', 'level', 'hr')",6
"('looking', 'get', 'back')",6
"(""i'm"", 'looking', 'get')",6
"('please', 'review', 'resume')",6
"('resume', 'entry', 'level')",6
"(""i'd"", 'really', 'appreciate')",6
"('need', 'help', 'resume')",6
"('trying', 'get', 'job')",6
"('recent', 'graduate', 'looking')",5
"('entry', 'level', 'jobs')",5
"('project', 'manager', 'resume')",5
"('finance', 'grad', 'looking')",5
"('feedback', 'would', 'greatly')",5
"('make', 'resume', 'better?')",5
"('looking', 'new', 'job')",5
"('get', 'foot', 'door')",5
"('entry', 'level', 'positions')",5
"('business', 'analyst', 'position.')",5
"('get', 'entry', 'level')",5
"(""i'm"", 'looking', 'move')",5
"('trying', 'get', 'back')",5
"('really', 'appreciate', 'feedback')",5
"('critique', '-', 'looking')",5
"('let', 'know', 'think')",5
"('feel', 'like', 'resume')",5
"(""i'm"", 'trying', 'get')",5
"('could', 'really', 'use')",5
