"(""i'm"", 'looking')",14
"('resume', '-')",12
"('trying', 'get')",11
"('applying', 'jobs')",11
"('entry', 'level')",10
"('video', 'production')",10
"('work', 'experience')",9
"('recent', 'grad')",9
"('need', 'help')",9
"('let', 'know')",8
"('looking', 'feedback')",8
"('looking', 'job')",8
"('please', 'critique')",8
"(""i'm"", 'sure')",7
"(""i'm"", 'applying')",7
"('looking', 'get')",7
"('cover', 'letter')",7
"('critique', 'resume')",7
"('customer', 'service')",6
"(""i'm"", 'trying')",6
"('feel', 'like')",6
"('would', 'greatly')",6
"('business', 'analyst')",6
"('grad', 'looking')",6
"(""i'm"", 'currently')",6
"('get', 'job')",5
"('thank', 'you!')",5
"('greatly', 'appreciated!')",5
"('social', 'media')",5
"(""i'd"", 'love')",5
"('make', 'sure')",5
"('thanks', 'advance!')",5
"('recent', 'college')",5
"('recently', 'earned')",5
"('earned', 'bs')",5
"('bs', '4.0')",5
"('4.0', '-')",5
"('-', 'trouble')",5
"('trouble', 'finding')",5
"('finding', 'decent')",5
"('decent', 'job')",5
"('resume', 'critique')",5
"('looking', 'work')",5
"('trying', 'move')",4
"('career', 'change')",4
"('10', 'years')",4
"('trying', 'find')",4
"('could', 'use')",4
"('college', 'graduate')",4
"('help', 'would')",4
