"('recently', 'earned', 'bs')",5
"('earned', 'bs', '4.0')",5
"('bs', '4.0', '-')",5
"('4.0', '-', 'trouble')",5
"('-', 'trouble', 'finding')",5
"('trouble', 'finding', 'decent')",5
"('finding', 'decent', 'job')",5
"('decent', 'job', 'recently')",4
"('job', 'recently', 'earned')",4
"('saint', 'augustine,', 'fl')",4
"(""i'm"", 'applying', 'jobs')",3
"('looking', 'get', 'back')",3
"('trying', 'get', 'job')",3
"('would', 'greatly', 'appreciated!')",3
"('recent', 'grad', 'looking')",3
"('please', 'let', 'know')",3
"('taking', 'time', 'read')",3
"('roast', 'resume', '-')",3
"('|', 'saint', 'augustine,')",3
"(""i'm"", 'desperately', 'trying')",2
"('resume', 'let', 'know')",2
"(""i'm"", 'trying', 'get')",2
"(""i'm"", 'sure', 'format')",2
"('creative', 'writing', 'film')",2
"('help', 'would', 'greatly')",2
"('business', 'analyst', 'job')",2
"('looking', 'new', 'job')",2
"(""i'm"", 'looking', 'feedback')",2
"('recent', 'college', 'grad')",2
"('college', 'grad', 'looking')",2
"('looking', 'feedback', 'resume.')",2
"('would', 'greatly', 'appreciate')",2
"('resume', 'cover', 'letter')",2
"('getting', 'turned', 'down.')",2
"('turned', 'down.', 'would')",2
"('down.', 'would', 'love')",2
"('trying', 'make', 'resume')",2
"('get', 'feedback', 'resume?')",2
"('i’m', 'hoping', 'get')",2
"('please', 'thank', 'you!')",2
"('hard', 'time', 'finding')",2
"('hey', 'everyone,', ""i've"")",2
"('please', 'critique', 'resume!')",2
"(""i'm"", 'looking', 'type')",2
"('college', 'grad', 'trying')",2
"('-', 'need', 'help')",2
"(""i'm"", 'looking', 'job')",2
"('tear', 'resumé', 'apart')",2
"('luck', 'getting', 'interviews')",2
"('recent', 'grad', 'seeking')",2
