"('computer', 'science')",311
"('entry', 'level')",167
"('please', 'critique')",148
"(""i'm"", 'looking')",141
"('resume', 'critique')",139
"('software', 'developer')",114
"('trying', 'get')",107
"('need', 'help')",104
"('would', 'like')",103
"('critique', 'resume')",101
"('software', 'development')",99
"('let', 'know')",86
"('student', 'looking')",83
"('software', 'engineering')",82
"('please', 'help')",81
"('feel', 'like')",79
"('software', 'engineer')",74
"('work', 'experience')",73
"(""i'm"", 'sure')",72
"('cs', 'student')",71
"('looking', 'get')",67
"('resume', 'help')",67
"('would', 'greatly')",65
"('science', 'student')",65
"('web', 'developer')",64
"('data', 'analyst')",61
"('resume', '-')",58
"('thank', 'you!')",58
"('would', 'love')",57
"(""i'm"", 'currently')",57
"('help', 'resume')",54
"(""i'm"", 'trying')",54
"('resume', 'review')",53
"(""i'd"", 'like')",53
"('looking', 'feedback')",52
"('would', 'appreciate')",51
"('really', 'appreciate')",49
"('full', 'time')",48
"('cover', 'letter')",48
"('please', 'let')",47
"('looking', 'job')",47
"('critique', 'resume.')",47
"('help', 'desk')",47
"('looking', 'resume')",46
"('updated', 'resume')",46
"('summer', 'internship')",46
"('applying', 'jobs')",45
"(""i'm"", 'applying')",45
"('start', 'applying')",44
"('greatly', 'appreciated.')",44
