"('computer', 'science', 'student')",65
"('please', 'critique', 'resume')",42
"('please', 'let', 'know')",38
"('looking', 'entry', 'level')",33
"('would', 'really', 'appreciate')",28
"('would', 'greatly', 'appreciated.')",26
"('cs', 'student', 'looking')",25
"('computer', 'science', 'graduate')",25
"('year', 'computer', 'science')",23
"('please', 'critique', 'resume.')",22
"('please', 'critique', 'resume!')",22
"('entry', 'level', 'software')",22
"('computer', 'science', 'major')",21
"('science', 'student', 'looking')",20
"('year', 'cs', 'student')",19
"('would', 'greatly', 'appreciated!')",19
"('please', 'take', 'look')",18
"(""i'm"", 'trying', 'get')",18
"('take', 'look', 'resume')",18
"('looking', 'new', 'job')",17
"('need', 'help', 'resume')",17
"('trying', 'get', 'job')",16
"('software', 'developer', 'resume')",16
"('would', 'love', 'feedback')",15
"(""i'm"", 'looking', 'get')",15
"('entry', 'level', 'job')",15
"('please', 'review', 'resume')",15
"('web', 'developer', 'resume')",15
"('[comp', 'sci', '&')",14
"('want', 'make', 'sure')",14
"('advice', 'would', 'greatly')",14
"('sci', '&', 'it]')",13
"('help', 'would', 'greatly')",13
"('recent', 'computer', 'science')",13
"('entry', 'level', 'position')",12
"('would', 'greatly', 'appreciate')",12
"('would', 'like', 'feedback')",12
"('get', 'entry', 'level')",12
"('would', 'like', 'get')",12
"('resume', 'computer', 'science')",12
"('resume', 'critique', '-')",12
"('feel', 'like', ""i'm"")",11
"('web', 'developer', 'looking')",11
"('could', 'use', 'help')",11
"('second', 'year', 'cs')",11
"('would', 'appreciate', 'feedback')",11
"('-', 'please', 'critique')",11
"('looking', 'software', 'development')",11
"('start', 'applying', 'jobs')",10
"('looking', 'resume', 'critique')",10
