"('high', 'school')",27
"('education', 'section')",21
"('teacher', 'looking')",18
"('cover', 'letter')",11
"('education', 'resume')",11
"('work', 'experience')",10
"('trying', 'get')",10
"('entry', 'level')",9
"('would', 'like')",9
"(""i'm"", 'applying')",9
"('please', 'critique')",9
"('grad', 'school')",9
"('ga', 'position:')",9
"('\\-', 'univ')",9
"('univ', 'whaaat?')",9
"('responsibilities:', '·')",8
"('community', 'college')",7
"(""i'm"", 'teacher')",7
"('looking', 'change')",7
"('please', 'review')",7
"('let', 'know')",7
"('teaching', 'assistant')",7
"('need', 'help')",7
"('real', 'estate')",7
"('lesson', 'plans')",7
"('thank', 'you!')",6
"('feel', 'like')",6
"('resume', 'help')",6
"(""i'm"", 'trying')",6
"('resume', 'applying')",6
"('graduated', 'college')",6
"('·', 'create')",6
"('fast', 'food')",5
"('section', 'resume')",5
"('applying', 'jobs')",5
"('please', 'help!')",5
"('looking', 'job')",5
"('roast', 'resume')",5
"('career', 'change')",5
"('put', 'education')",5
"('relevant', 'work')",5
"(""can't"", 'get')",5
"(""i've"", 'never')",5
"('looking', 'resume')",5
"('please', 'help')",5
"('question', 'is,')",5
"('would', 'love')",5
"('look', 'like')",5
"('work', 'history')",5
"('academic', 'advisor')",5
