"('\\-', 'univ', 'whaaat?')",9
"('teacher', 'looking', 'change')",6
"(""i'm"", 'teacher', 'looking')",5
"('univ', 'whaaat?', '\\-')",5
"('*', 'primary', 'instructor')",4
"('·', 'create', 'positive')",4
"('whaaat?', '\\-', 'univ')",4
"('entry', 'level', 'job')",3
"(""can't"", 'seem', 'figure')",3
"('resume', 'teacher', 'looking')",3
"('teacher', 'looking', 'career')",3
"(""i'm"", 'updating', 'resume')",3
"('trying', 'get', 'job')",3
"('relevant', 'work', 'experience')",3
"('resume', 'grad', 'school')",3
"('looking', 'change', 'careers')",3
"('education', 'section', 'resume')",3
"('*', 'responsible', 'instruction')",3
"('*', 'successful', 'use')",3
"('education', 'section', 'resume?')",3
"('teacher', 'responsibilities:', '·')",3
"('gainesville,', 'ga', 'position:')",3
"('age', 'developmental', 'level')",3
"('graduated', 'high', 'school')",3
"('need', 'help', 'resume.')",3
"('state', 'park', 'naturalist')",3
"('""grown-up""', 'job', ""i've"")",3
"('job', ""i've"", 'ever')",3
"(""i've"", 'ever', 'applied')",3
"('need', 'kind', 'brutal')",3
"('kind', 'brutal', 'honesty')",3
"('brutal', 'honesty', 'strangers')",3
"('honesty', 'strangers', 'give')",3
"('strangers', 'give', ':)')",3
"('give', ':)', 'many')",3
"(':)', 'many', 'thanks')",3
"('liberal', 'arts', 'degree')",2
"('development', 'ability', 'document')",2
"('ability', 'document', '(most')",2
"('document', '(most', 'recent')",2
"('(most', 'recent', 'job)')",2
"('recent', 'job)', 'formal')",2
"('job)', 'formal', 'industry')",2
"('formal', 'industry', 'experience')",2
"('industry', 'experience', 'documentation')",2
"('experience', 'documentation', '(job')",2
"('documentation', '(job', 'years')",2
"('(job', 'years', 'ago)')",2
"('foundation', 'strong', 'written')",2
"('strong', 'written', 'communication')",2
