"('mechanical', 'engineering')",178
"('engineering', 'student')",159
"('entry', 'level')",136
"('please', 'critique')",113
"('resume', 'critique')",104
"('mechanical', 'engineer')",94
"('software', 'engineering')",88
"('software', 'engineer')",88
"('engineering', 'resume')",82
"('would', 'like')",74
"('engineer', 'looking')",71
"('critique', 'resume')",71
"('chemical', 'engineering')",66
"('student', 'looking')",66
"(""i'm"", 'looking')",61
"('electrical', 'engineering')",60
"('trying', 'get')",56
"('cover', 'letter')",55
"('please', 'help')",54
"('civil', 'engineering')",54
"('engineer', 'resume')",53
"('let', 'know')",52
"('would', 'greatly')",50
"('work', 'experience')",49
"('thank', 'you!')",48
"('looking', 'resume')",48
"('engineering', 'graduate')",48
"('would', 'love')",47
"('engineering', 'grad')",46
"('need', 'help')",46
"('engineering', 'job')",46
"('feel', 'like')",46
"('resume', 'review')",41
"('looking', 'feedback')",40
"('engineering', 'internship')",40
"('electrical', 'engineer')",39
"('full', 'time')",39
"('recent', 'graduate')",38
"('resume', '-')",38
"(""i'm"", 'sure')",37
"('updated', 'resume')",37
"('looking', 'internship')",36
"('would', 'appreciate')",35
"('feedback', 'resume')",34
"('aerospace', 'engineering')",33
"('please', 'review')",33
"(""i'd"", 'like')",32
"('really', 'appreciate')",31
"('computer', 'engineering')",30
"('looking', 'entry')",30
