"('engineering', 'student', 'looking')",50
"('mechanical', 'engineering', 'student')",38
"('please', 'critique', 'resume')",33
"('looking', 'entry', 'level')",27
"('would', 'really', 'appreciate')",22
"('please', 'let', 'know')",21
"('would', 'greatly', 'appreciated.')",19
"('looking', 'resume', 'critique')",18
"('entry', 'level', 'mechanical')",18
"('please', 'critique', 'resume!')",15
"('mechanical', 'engineer', 'looking')",15
"('software', 'engineer', 'resume')",15
"('engineering', 'student', 'graduating')",14
"('would', 'like', 'feedback')",14
"('looking', 'new', 'job')",14
"('entry', 'level', 'software')",14
"('engineering', 'resume', 'critique')",14
"('engineering', 'graduate', 'looking')",13
"('entry', 'level', 'position')",13
"('computer', 'engineering', 'student')",13
"('please', 'review', 'resume')",13
"('engineering', 'student', 'seeking')",13
"('would', 'greatly', 'appreciated!')",13
"('please', 'critique', 'resume.')",13
"('chemical', 'engineering', 'student')",13
"('want', 'make', 'sure')",13
"('recent', 'mechanical', 'engineering')",12
"('mechanical', 'engineering', 'graduate')",12
"('would', 'love', 'feedback')",12
"('engineer', 'resume', 'critique')",12
"('electrical', 'engineering', 'student')",12
"('resume', 'entry', 'level')",11
"('year', 'mechanical', 'engineering')",11
"('entry', 'level', 'engineering')",10
"('mechanical', 'engineer', 'resume')",10
"('mechanical', 'engineering', 'grad')",10
"('recent', 'chemical', 'engineering')",10
"('software', 'engineering', 'internship')",10
"('engineering', 'student', 'resume')",9
"('level', 'mechanical', 'engineering')",9
"('junior', 'mechanical', 'engineering')",9
"('civil', 'engineering', 'student')",9
"('engineering', 'resume', '-')",9
"('engineering', 'internship', 'resume')",9
"('student', 'looking', 'internship')",9
"('recent', 'engineering', 'graduate')",8
"('recent', 'engineering', 'grad')",8
"('engineering', 'grad', 'looking')",8
"('electrical', 'engineering', 'resume')",8
"('resume', 'mechanical', 'engineering')",8
