"('need', 'help')",25
"('cover', 'letter')",20
"('please', 'critique')",20
"('trying', 'get')",17
"('critique', 'resume')",17
"('public', 'health')",16
"(""i'm"", 'looking')",13
"('entry', 'level')",13
"('new', 'grad')",13
"('would', 'like')",12
"('city,', 'st')",11
"('please', 'help')",11
"('critique', 'resume!')",11
"('work', 'experience')",10
"('thank', 'you!')",10
"(""i'm"", 'applying')",10
"('customer', 'service')",10
"('resume', 'help')",10
"('constructive', 'criticism')",9
"(""i'm"", 'sure')",9
"('resume', '-')",9
"('looking', 'feedback')",8
"('feel', 'like')",8
"('please', 'help!')",8
"('first', 'time')",8
"('resume', 'critique')",8
"('greatly', 'appreciated.')",8
"('looking', 'job')",8
"('would', 'greatly')",8
"('applying', 'jobs')",7
"('keep', 'resume')",7
"('research', 'assistant')",7
"('please', 'review')",7
"('nursing', 'resume')",7
"('pharmacy', 'technician')",7
"('health', 'care')",6
"('would', 'really')",6
"(""i'm"", 'currently')",6
"('grad', 'nurse')",6
"('nurse', 'resume')",6
"('nursing', 'student')",6
"('medical', 'assistant')",6
"('looking', 'resume')",6
"('public', 'health.')",6
"('get', 'job')",6
"('high', 'school')",6
"('looking', 'apply')",6
"('tips', 'would')",5
"('research', 'experience')",5
"('resume.', ""i'm"")",5
