"('please', 'critique', 'resume!')",8
"('new', 'grad', 'nurse')",6
"('would', 'greatly', 'appreciated.')",5
"('recent', 'college', 'grad')",4
"('grad', 'nurse', 'resume')",4
"('would', 'really', 'appreciate')",4
"('please', 'critique', 'resume')",4
"('please', 'review', 'resume')",4
"('constructive', 'criticism', 'resume')",3
"('public', 'health', 'jobs')",3
"('resume', '1', 'page,')",3
"('critique', 'resume', 'please!')",3
"('currently', 'work', 'health,')",3
"('work', 'health,', 'looking')",3
"('health,', 'looking', 'either')",3
"('looking', 'either', 'change')",3
"('either', 'change', 'keep')",3
"('change', 'keep', 'within')",3
"('keep', 'within', 'sector')",3
"('within', 'sector', 'getting')",3
"('sector', 'getting', 'analyst')",3
"('getting', 'analyst', 'project')",3
"('analyst', 'project', 'manager')",3
"('project', 'manager', 'position')",3
"('manager', 'position', '-')",3
"('position', '-', 'thank')",3
"('greatly', 'appreciated!', 'please')",3
"('unemployed', 'one', 'year...with')",3
"('one', 'year...with', ""master's"")",3
"('year...with', ""master's"", 'degree.')",3
"(""master's"", 'degree.', 'please')",3
"('degree.', 'please', 'help!')",3
"('1', '2', 'lab,')",3
"('need', 'help', 'updating')",3
"('entry', 'level', 'position')",3
"('city,', 'st', 'march')",2
"('city,', 'st', 'may')",2
"('*college*', 'city,', 'st')",2
"('criticism', 'resume', 'public')",2
"('resume', 'public', 'health')",2
"('help', 'improve', 'chances')",2
"('entry-level', 'public', 'health')",2
"('looking', 'switch', 'careers')",2
"('out.', 'thank', 'much!')",2
"('applying', 'positions', 'within')",2
"('trouble', 'finding', 'job')",2
"('resume', '-', 'please')",2
"('health', 'information', 'management')",2
"('recent', 'highschool', 'graduate')",2
"('working', 'current', 'position')",2
