"(""what's"", 'wrong', 'resume?')",3
"('college', 'student', 'looking')",3
"('resume', 'cover', 'letter')",3
"('applying', 'entry', 'level')",2
"('entry', 'level', 'jobs')",2
"('applying', 'position', 'environmental')",2
"('position', 'environmental', 'planner')",2
"('looking', 'new', 'job,')",2
"('new', 'job,', 'getting')",2
"('job,', 'getting', 'calls')",2
"('getting', 'calls', 'interviews.')",2
"('calls', 'interviews.', 'would')",2
"('interviews.', 'would', 'appreciate')",2
"('would', 'appreciate', 'review')",2
"('appreciate', 'review', 'resume!')",2
"('student', 'looking', 'apply')",2
"('could', 'guys', 'help')",2
"('recent', 'grad', 'policy')",2
"('applied', '50', 'jobs')",2
"('looking', 'towards', 'law')",2
"('could', 'really', 'use')",2
"('please', 'let', 'know')",2
"('want', 'apply', 'job')",2
"('getting', 'good', 'job')",2
"('please', 'critique', 'resume')",2
"('due', 'diligence', 'analyst:')",2
"('diligence', 'analyst:', 'roast')",2
"('analyst:', 'roast', 'me!')",2
"('greatly', 'appreciated.', 'thank')",2
"('need', 'resume', 'help')",2
"('ideally', 'would', 'like')",2
"(""i've"", 'trying', 'switch')",2
"('trying', 'switch', 'web')",2
"('switch', 'web', 'development')",2
"('web', 'development', 'paralegal/legal')",2
"('development', 'paralegal/legal', 'assistant')",2
"('paralegal/legal', 'assistant', 'applying')",2
"('assistant', 'applying', 'jobs')",2
"('applying', 'jobs', 'month')",2
"('jobs', 'month', 'call')",2
"('month', 'call', 'backs.')",2
"('call', 'backs.', 'wrong?')",2
"('grad', 'job-hunting', '6+')",2
"('job-hunting', '6+', 'months,')",2
"('6+', 'months,', 'pls')",2
"('months,', 'pls', 'help')",2
"('please', 'critique', 'resume!')",2
"('getting', 'less', '0.5%')",2
"('less', '0.5%', 'response')",2
"('0.5%', 'response', 'rate')",2
