"('public', 'policy')",7
"(""i'm"", 'applying')",6
"('student', 'looking')",6
"('law', 'school')",6
"('resume', 'help')",6
"(""i'm"", 'looking')",5
"('entry', 'level')",5
"('recent', 'grad')",5
"('let', 'know')",5
"('cover', 'letter')",5
"('applying', 'jobs')",4
"('applying', 'position')",4
"('would', 'appreciate')",4
"('legal', 'assistant')",4
"('please', 'critique')",4
"('critique', 'resume')",4
"('resume', 'cover')",4
"(""i'm"", 'trying')",3
"('looking', 'jobs')",3
"('advice', 'appreciated!')",3
"('looking', 'new')",3
"(""what's"", 'wrong')",3
"('wrong', 'resume?')",3
"('improve', 'resume')",3
"('college', 'student')",3
"('currently', 'looking')",3
"('looking', 'resume')",3
"(""i've"", 'applied')",3
"(""here's"", 'resume,')",3
"('looking', 'job')",3
"('want', 'apply')",3
"('good', 'job')",3
"('greatly', 'appreciated.')",3
"('political', 'science')",3
"('would', 'like')",3
"('paralegal/legal', 'assistant')",3
"(""i'm"", 'currently')",3
"('advice', 'resume')",3
"('science', 'student')",3
"('-', 'resume')",3
"('please', 'help')",3
"('trying', 'get')",3
"('please', 'review')",3
"('grad', 'looking')",3
"('updated', 'resume')",3
"('want', 'make')",3
"('would', 'appreciated!')",3
"('student', 'applying')",3
"('make', 'sure')",3
"('job', 'search')",2
