"('entry', 'level', 'marketing')",12
"('please', 'let', 'know')",11
"('digital', 'marketing', 'resume')",10
"('please', 'critique', 'resume')",10
"('looking', 'entry', 'level')",9
"('|', 'city,', 'state**')",9
"('marketing', 'resume', '-')",8
"('please', 'critique', 'resume!')",7
"('&#x200b;', '&#x200b;', '&#x200b;')",7
"('applying', 'digital', 'marketing')",7
"('please', 'critique', 'resume.')",7
"('&#x200b;', '**company', '|')",7
"('**company', '|', 'city,')",7
"('let', 'know', 'think.')",5
"('critique', 'resume', '-')",5
"('looking', 'feedback', 'resume.')",5
"('get', 'entry', 'level')",5
"('trying', 'get', 'marketing')",5
"('resume', 'critique', '-')",5
"('social', 'media', 'marketing,')",5
"('would', 'greatly', 'appreciated.')",5
"('marketing.', 'please', 'critique')",4
"('recent', 'college', 'grad')",4
"('&#x200b;', 'recommendation', 'letter')",4
"('recommendation', 'letter', '-')",4
"('please', 'give', 'feedback')",4
"('critique', 'marketing', 'resume')",4
"('digital', 'marketing', 'jobs')",4
"('trying', 'get', 'entry')",4
"('applying', 'entry', 'level')",4
"(""i'm"", 'trying', 'get')",4
"('looking', 'new', 'job')",4
"('resume', 'cover', 'letter')",4
"('social', 'media', 'marketing')",4
"('entry', 'level', 'digital')",4
"('level', 'digital', 'marketing')",4
"('city,', 'state**', '***web')",4
"('looking', 'get', 'marketing')",4
"('recent', 'marketing', 'grad')",4
"('creative', 'director', '@')",4
"('critique', 'digital', 'marketing')",4
"('resume', 'using', 'template')",3
"('using', 'template', 'found')",3
"('template', 'found', 'subreddit.')",3
"('found', 'subreddit.', 'please')",3
"('subreddit.', 'please', 'give')",3
"('advice', 'regarding', 'resume')",3
"('thank', 'taking', 'time')",3
"('long', 'story', 'short,')",3
"('digital', 'marketing', 'position')",3
