"('digital', 'marketing')",80
"('please', 'critique')",51
"('social', 'media')",46
"('entry', 'level')",43
"('marketing', 'resume')",39
"('resume', '-')",27
"('need', 'help')",27
"('cover', 'letter')",25
"('would', 'love')",22
"(""i'm"", 'trying')",22
"('resume', 'critique')",22
"('please', 'help')",21
"('let', 'know')",21
"('critique', 'resume')",21
"('trying', 'get')",20
"('feel', 'like')",19
"(""i'm"", 'looking')",19
"('please', 'give')",17
"('looking', 'get')",17
"('would', 'like')",17
"('&#x200b;', '&#x200b;')",16
"('level', 'marketing')",14
"('please', 'let')",13
"(""i'm"", 'applying')",13
"('digital', 'marketing.')",13
"('looking', 'feedback')",13
"('first', 'time')",13
"('feedback', 'resume')",13
"('looking', 'job')",12
"('applying', 'marketing')",12
"('marketing', 'position')",11
"('marketing', 'job')",11
"('marketing', 'graduate')",11
"('critique', 'resume!')",11
"('graduate', 'looking')",11
"('resume', 'help')",10
"('critique', 'marketing')",10
"('looking', 'marketing')",10
"('resume', 'feedback')",10
"('resume', 'please')",10
"('marketing', 'jobs')",10
"('6', 'months')",10
"('greatly', 'appreciated.')",10
"('get', 'marketing')",10
"('looking', 'entry')",9
"(""i'm"", 'sure')",9
"('new', 'job')",9
"('work', 'experience')",9
"('thanks', 'advance')",9
"('critique', 'resume.')",9
