"('please', 'critique', 'resume')",142
"('please', 'let', 'know')",111
"('looking', 'entry', 'level')",91
"('would', 'really', 'appreciate')",78
"('would', 'greatly', 'appreciated.')",74
"('please', 'critique', 'resume!')",70
"('computer', 'science', 'student')",69
"('please', 'critique', 'resume.')",54
"('engineering', 'student', 'looking')",52
"('would', 'greatly', 'appreciated!')",49
"('looking', 'new', 'job')",45
"('would', 'love', 'feedback')",45
"('please', 'review', 'resume')",44
"('want', 'make', 'sure')",43
"('trying', 'get', 'job')",42
"(""i'm"", 'trying', 'get')",39
"('need', 'help', 'resume')",39
"('entry', 'level', 'position')",38
"('mechanical', 'engineering', 'student')",38
"('resume', 'critique', '-')",37
"('entry', 'level', 'software')",36
"('looking', 'resume', 'critique')",35
"('would', 'like', 'feedback')",35
"('entry', 'level', 'job')",34
"('resume', 'cover', 'letter')",33
"(""i'm"", 'looking', 'get')",33
"('applying', 'entry', 'level')",32
"('help', 'would', 'greatly')",32
"('would', 'greatly', 'appreciate')",31
"('could', 'use', 'help')",30
"('please', 'take', 'look')",29
"('get', 'entry', 'level')",29
"('would', 'appreciate', 'feedback')",29
"('advice', 'would', 'greatly')",29
"('take', 'look', 'resume')",28
"('looking', 'feedback', 'resume.')",28
"('critique', 'resume', '-')",27
"('resume', 'entry', 'level')",27
"('computer', 'science', 'graduate')",27
"('let', 'know', 'think')",25
"('cs', 'student', 'looking')",25
"('looking', 'feedback', 'resume')",25
"('recent', 'grad', 'looking')",24
"('-', 'please', 'critique')",24
"('entry', 'level', 'jobs')",23
"('get', 'foot', 'door')",23
"('feedback', 'would', 'greatly')",23
"('please', 'help', 'improve')",23
"('computer', 'science', 'major')",23
"('year', 'computer', 'science')",23
"('feel', 'like', ""i'm"")",22
"('make', 'sure', 'resume')",22
"('could', 'really', 'use')",22
"('science', 'student', 'looking')",22
"('please', 'help', 'critique')",22
"('applying', 'summer', 'internships')",22
"('let', 'know', 'think.')",21
"('feel', 'like', 'resume')",21
"('would', 'much', 'appreciated!')",21
"('really', 'appreciate', 'feedback')",21
"('help', 'would', 'appreciated.')",21
"('software', 'engineer', 'resume')",21
"('looking', 'get', 'back')",20
"(""i'd"", 'like', 'get')",20
"('year', 'cs', 'student')",20
"('resume', 'critique', 'please')",20
"('looking', 'summer', 'internship')",20
"('let', 'know', 'think!')",19
"('critique', 'resume', 'please')",19
"('recent', 'college', 'grad')",19
"('recent', 'graduate', 'looking')",19
"('entry', 'level', 'positions')",19
"(""i'd"", 'really', 'appreciate')",19
"('would', 'like', 'get')",19
"('student', 'looking', 'summer')",19
"('software', 'engineering', 'internship')",19
"('student', 'looking', 'internship')",19
"('start', 'applying', 'jobs')",18
"('entry', 'level', 'mechanical')",18
"('would', 'much', 'appreciated.')",18
"('looking', 'full', 'time')",18
"('find', 'new', 'job')",17
"('please', 'feel', 'free')",17
"(""i'm"", 'currently', 'working')",17
"('college', 'student', 'looking')",17
"('trying', 'find', 'job')",17
"(""i've"", 'applying', 'jobs')",17
"('software', 'developer', 'resume')",17
"('resume', 'would', 'greatly')",17
"('please', 'critique', 'resume,')",17
"('resume', 'review', '-')",17
"('would', 'love', 'get')",16
"('college', 'grad', 'looking')",16
"('greatly', 'appreciated.', 'thanks!')",16
"('engineer', 'resume', 'critique')",16
"('full', 'time', 'job')",16
"('trying', 'get', 'back')",16
"('seeking', 'entry', 'level')",16
"(""i'm"", 'looking', 'feedback')",16
"(""i'm"", 'currently', 'looking')",16
