"('entry', 'level')",503
"('please', 'critique')",467
"(""i'm"", 'looking')",364
"('resume', 'critique')",347
"('computer', 'science')",342
"('critique', 'resume')",316
"('need', 'help')",291
"('trying', 'get')",288
"('would', 'like')",285
"('let', 'know')",248
"('cover', 'letter')",239
"('please', 'help')",238
"('work', 'experience')",212
"('feel', 'like')",209
"('would', 'love')",202
"('student', 'looking')",201
"(""i'm"", 'sure')",196
"('would', 'greatly')",187
"('resume', '-')",186
"('looking', 'get')",186
"('thank', 'you!')",181
"('mechanical', 'engineering')",179
"('resume', 'help')",171
"('software', 'engineering')",171
"('engineering', 'student')",170
"(""i'm"", 'applying')",163
"('looking', 'feedback')",163
"('software', 'engineer')",163
"(""i'm"", 'trying')",153
"('looking', 'resume')",151
"('would', 'appreciate')",145
"(""i'd"", 'like')",141
"(""i'm"", 'currently')",140
"('looking', 'job')",138
"('really', 'appreciate')",137
"('applying', 'jobs')",136
"('resume', 'review')",135
"('please', 'let')",133
"('greatly', 'appreciated.')",128
"('thanks', 'advance!')",127
"('updated', 'resume')",127
"('full', 'time')",125
"('help', 'resume')",124
"('software', 'developer')",120
"('feedback', 'resume')",119
"('graduate', 'looking')",116
"('please', 'review')",115
"('looking', 'new')",114
"('software', 'development')",110
"('get', 'job')",110
"('critique', 'resume.')",110
"('first', 'time')",109
"('critique', 'resume!')",107
"('would', 'really')",105
"('high', 'school')",105
"('looking', 'move')",103
"('help', 'would')",102
"('new', 'job')",99
"(""i've"", 'applied')",99
"('&#x200b;', '&#x200b;')",98
"('grad', 'looking')",98
"('looking', 'entry')",97
"('recent', 'graduate')",97
"('business', 'analyst')",97
"(""i've"", 'applying')",96
"('mechanical', 'engineer')",94
"('new', 'grad')",93
"('resume', 'advice')",92
"('need', 'resume')",92
"('greatly', 'appreciated!')",91
"('data', 'analyst')",88
"('years', 'experience')",88
"('engineering', 'resume')",88
"('feedback', 'would')",87
"('summer', 'internship')",86
"('advice', 'would')",85
"('digital', 'marketing')",83
"('engineer', 'looking')",82
"('thanks', 'advance')",81
"('recent', 'grad')",81
"('review', 'resume')",81
"('resume', 'would')",80
"('-', 'looking')",79
"('hi', 'all,')",79
"('first', 'job')",79
"('could', 'use')",79
"('-', 'please')",79
"('make', 'resume')",78
"('constructive', 'criticism')",78
"('start', 'applying')",78
"('please', 'help!')",78
"('take', 'look')",78
"('appreciate', 'feedback')",77
"('looking', 'internship')",77
"('please', 'give')",76
"('make', 'sure')",76
"(""i've"", 'done')",76
"('recently', 'graduated')",76
"('trying', 'find')",74
"('feedback', 'resume.')",74
