"('entry', 'level')",19
"(""i'm"", 'looking')",18
"('trying', 'get')",16
"('need', 'help')",15
"('graduate', 'looking')",14
"('let', 'know')",13
"('please', 'help')",13
"(""i'm"", 'applying')",13
"('thank', 'you!')",12
"('cover', 'letter')",12
"('would', 'greatly')",11
"('would', 'like')",11
"('work', 'experience')",10
"('would', 'love')",10
"('applying', 'jobs')",10
"('resume', 'critique')",10
"('help', 'resume')",9
"('feel', 'like')",9
"('please', 'critique')",9
"('critique', 'resume')",9
"('resume', '-')",8
"('first', 'time')",8
"(""i'm"", 'sure')",8
"('thanks', 'advance!')",8
"('looking', 'feedback')",8
"(""i've"", 'applying')",8
"('looking', 'apply')",7
"('please', 'let')",7
"('get', 'back')",7
"('student', 'looking')",7
"('really', 'want')",7
"(""i'm"", 'trying')",7
"('looking', 'resume')",7
"(""i'm"", 'currently')",7
"('resume', 'help')",7
"('looking', 'get')",6
"('would', 'appreciate')",6
"('updated', 'resume')",6
"('grad', 'looking')",6
"('hi', 'all,')",6
"('-', 'resume')",6
"('greatly', 'appreciate')",5
"('really', 'appreciate')",5
"('critique', 'resume.')",5
"('would', 'much')",5
"('recent', 'graduate')",5
"('critique', 'resume!')",5
"('resume', 'cover')",5
"('applying', 'internships')",5
"('looking', 'lab')",5
