"('please', 'let', 'know')",6
"(""i'm"", 'trying', 'get')",5
"('first', 'time', 'posting')",4
"('would', 'greatly', 'appreciate')",4
"('would', 'really', 'appreciate')",3
"('recent', 'college', 'graduate')",3
"('looking', 'entry', 'level')",3
"('would', 'greatly', 'appreciated!')",3
"(""i'm"", 'applying', 'for,')",3
"('all,', 'first', 'time')",3
"('biomed', 'graduate', 'experience')",3
"('looking', 'feedback', 'resume.')",3
"('please', 'critique', 'resume')",3
"('would', 'love', 'get')",3
"('independent', 'study', 'project')",3
"(""here's"", 'link', 'resume:')",3
"('get', 'foot', 'door')",3
"(""i'm"", 'looking', 'apply')",2
"('let', 'know', 'think')",2
"('greatly', 'appreciate', 'feedback')",2
"('entering', 'senior', 'year')",2
"('hey', 'everyone,', ""i'm"")",2
"('applying', 'first', 'job')",2
"('need', 'help', 'resume')",2
"('looking', 'new', 'job')",2
"('would', 'much', 'appreciated')",2
"('could', 'really', 'use')",2
"('make', 'sure', 'resume')",2
"('feedback', 'would', 'greatly')",2
"('quantify', 'skills', 'learned')",2
"('please', 'critique', 'resume!')",2
"('position', ""i'm"", 'applying')",2
"('university', 'student', 'looking')",2
"('student', 'looking', 'apply')",2
"('looking', 'apply', 'summer')",2
"(""i've"", 'applying', 'jobs')",2
"('could', 'change', 'life!')",2
"('really', 'want', 'land')",2
"('let', 'know', 'think!')",2
"('grad', 'looking', 'lab')",2
"('resume', 'critique', '-')",2
"('entry', 'level', 'geologist')",2
"('hi', 'all,', ""i'm"")",2
"('moving', 'across', 'country')",2
"('please', 'help', 'critique')",2
"('help', 'critique', 'resume!')",2
"('trying', 'get', 'first')",2
"('new', 'grad', 'looking')",2
"(""i'm"", 'applying', 'phd')",2
"('-', 'recent', 'graduate')",2
